{
    "resumen": {
        "entradas": 3,
        "salidas": 1,
        "patrones": 8,
        "error_optimo": 0.1,
        "num_centros": 4
    },
    "centros_radiales": [
        [
            0.7617530200846826,
            0.4119298262592781,
            0.47707013136227217
        ],
        [
            0.8815344133490648,
            0.8991029854992497,
            0.6091175241075001
        ],
        [
            0.44265536072165734,
            0.22792438178296048,
            0.7757359554958092
        ],
        [
            0.656207292162137,
            0.0352381126979906,
            0.3482720451760355
        ]
    ],
    "distancias": [
        [
            0.988711,
            1.398754,
            0.92177,
            0.743736
        ],
        [
            1.011637,
            1.318438,
            0.546066,
            0.925526
        ],
        [
            1.0741,
            1.076247,
            1.180598,
            1.217648
        ],
        [
            1.09524,
            0.969573,
            0.91779,
            1.336459
        ],
        [
            0.673828,
            1.092449,
            0.982013,
            0.490641
        ]
    ],
    "funcion_activacion": [
        [
            -0.011098,
            0.65657,
            -0.069213,
            -0.163769
        ],
        [
            0.011841,
            0.480543,
            -0.180408,
            -0.066295
        ],
        [
            0.082469,
            0.085112,
            0.231402,
            0.291968
        ],
        [
            0.109127,
            -0.029048,
            -0.072261,
            0.518018
        ],
        [
            -0.179248,
            0.105527,
            -0.017504,
            -0.171409
        ]
    ],
    "matriz_interpolacion": [
        [
            1.0,
            -0.011098,
            0.65657,
            -0.069213,
            -0.163769
        ],
        [
            1.0,
            0.011841,
            0.480543,
            -0.180408,
            -0.066295
        ],
        [
            1.0,
            0.082469,
            0.085112,
            0.231402,
            0.291968
        ],
        [
            1.0,
            0.109127,
            -0.029048,
            -0.072261,
            0.518018
        ],
        [
            1.0,
            -0.179248,
            0.105527,
            -0.017504,
            -0.171409
        ]
    ],
    "pesos": {
        "W0": -0.8886192594017484,
        "W1": -8.651209755370996,
        "W2": 2.4790508046485584,
        "W3": -0.9043085169579883,
        "W4": 5.481209256059925
    }
}