{
    "resumen": {
        "entradas": 4,
        "salidas": 1,
        "patrones": 60,
        "error_optimo": 0.1,
        "num_centros": 5
    },
    "centros_radiales": [
        [
            504.7125242424241,
            22.99113855354831,
            0.19846913937625188,
            2.115843689470899
        ],
        [
            443.205819408994,
            25.843821354914912,
            0.9589603953336604,
            3.041932697855816
        ],
        [
            453.91581330331786,
            32.41264834719386,
            0.2811014419273413,
            2.7458942870800187
        ],
        [
            440.02194383304595,
            27.533243759767956,
            0.671152985595686,
            2.328084247084365
        ],
        [
            532.678243237354,
            25.613123563086347,
            0.277951117442757,
            4.526306958413556
        ]
    ],
    "distancias": [
        [
            154.717933,
            93.229887,
            104.260933,
            90.092452,
            182.704259
        ],
        [
            84.767045,
            23.232472,
            34.518748,
            20.092513,
            112.697468
        ],
        [
            114.732943,
            53.219186,
            64.350551,
            50.087291,
            142.700351
        ],
        [
            94.847553,
            33.290444,
            44.137876,
            30.03678,
            122.713919
        ],
        [
            124.782646,
            63.21642,
            74.117647,
            60.028974,
            152.693878
        ],
        [
            55.170637,
            8.023671,
            4.630302,
            10.337174,
            82.805633
        ],
        [
            35.898151,
            27.496148,
            16.123177,
            30.333435,
            63.015308
        ],
        [
            17.874883,
            47.353991,
            36.105452,
            50.302172,
            43.319778
        ],
        [
            12.148885,
            57.384857,
            46.134169,
            60.349727,
            33.749157
        ],
        [
            20.182182,
            77.477447,
            66.198053,
            80.449549,
            16.395389
        ],
        [
            144.718184,
            83.301084,
            94.496965,
            80.214363,
            172.736024
        ],
        [
            104.717734,
            43.262138,
            54.570738,
            40.183218,
            132.707016
        ],
        [
            89.739899,
            28.221929,
            39.622291,
            25.15347,
            117.69782
        ],
        [
            64.841623,
            3.543131,
            14.934838,
            1.030711,
            92.703303
        ],
        [
            45.13233,
            17.08833,
            7.021802,
            20.049391,
            72.774677
        ],
        [
            26.005621,
            37.166976,
            26.1298,
            40.145466,
            52.967885
        ],
        [
            13.354321,
            52.161756,
            41.101423,
            55.174854,
            38.233776
        ],
        [
            10.172637,
            62.220475,
            51.101371,
            65.230013,
            28.655202
        ],
        [
            15.218624,
            72.263745,
            61.124038,
            75.277989,
            19.584766
        ],
        [
            28.07987,
            87.290135,
            76.144548,
            90.311361,
            9.768055
        ],
        [
            134.71491,
            73.267102,
            84.447591,
            70.169674,
            162.718922
        ],
        [
            114.717484,
            53.250264,
            64.468616,
            50.151115,
            142.703475
        ],
        [
            94.765496,
            33.207972,
            44.387382,
            30.065169,
            122.694571
        ],
        [
            74.825486,
            13.291041,
            24.52359,
            10.080954,
            102.699328
        ],
        [
            54.959928,
            7.132901,
            5.968996,
            10.041525,
            82.724931
        ],
        [
            35.260571,
            27.002234,
            16.466807,
            30.048352,
            62.777133
        ],
        [
            16.864931,
            47.085236,
            36.137417,
            50.123882,
            43.027485
        ],
        [
            10.653642,
            67.094127,
            56.105256,
            70.148662,
            23.564351
        ],
        [
            27.303728,
            87.099292,
            76.107827,
            90.168381,
            7.89153
        ],
        [
            46.918852,
            107.201585,
            96.137308,
            110.256688,
            19.703791
        ],
        [
            144.728602,
            83.354524,
            94.613217,
            80.290013,
            172.761325
        ],
        [
            129.71649,
            68.325963,
            79.602172,
            65.26053,
            157.737034
        ],
        [
            109.720458,
            48.245357,
            59.518755,
            45.161627,
            137.706003
        ],
        [
            84.738586,
            23.243464,
            34.717587,
            20.196146,
            112.695053
        ],
        [
            64.847559,
            3.408441,
            14.950853,
            0.918935,
            92.703998
        ],
        [
            45.130454,
            17.117014,
            7.003538,
            20.066618,
            72.767981
        ],
        [
            25.736964,
            37.031028,
            26.216238,
            40.072577,
            52.875483
        ],
        [
            9.445926,
            57.040857,
            46.118738,
            60.099938,
            33.128399
        ],
        [
            17.873048,
            77.047816,
            66.103256,
            80.122963,
            14.22087
        ],
        [
            36.751055,
            97.072593,
            86.102539,
            100.151088,
            10.405156
        ],
        [
            134.718605,
            73.31408,
            84.565715,
            70.241762,
            162.739574
        ],
        [
            119.712831,
            58.287862,
            69.557639,
            55.212461,
            147.7184
        ]
    ],