{
    "resumen": {
        "entradas": 5,
        "salidas": 1,
        "patrones": 60,
        "error_optimo": 0.1,
        "num_centros": 5
    },
    "centros_radiales": [
        [
            21.43013532719511,
            93.58824365969474,
            123.29934891407088,
            38.52414984606788,
            3.2160748750720685
        ],
        [
            27.207121591060496,
            88.94690070833099,
            58.40956001927759,
            36.37555549234326,
            3.212004405066384
        ],
        [
            19.844845956285493,
            95.78543710845398,
            128.6193543727904,
            39.18032460605594,
            5.282422738649251
        ],
        [
            32.10138863556563,
            87.38374794177852,
            126.42906802523507,
            36.90747556921176,
            5.285820533401838
        ],
        [
            33.28097095130907,
            84.9260564863701,
            59.185709948261184,
            36.478859346902226,
            3.3338462265540167
        ]
    ],
    "distancias": [
        [
            9.349417,
            58.174119,
            14.521996,
            16.519696,
            58.677601
        ],
        [
            14.575009,
            64.017084,
            18.107603,
            4.879923,
            62.897241
        ],
        [
            45.020337,
            22.409559,
            50.348054,
            48.578735,
            23.946244
        ],
        [
            60.629216,
            5.756049,
            66.268505,
            63.902774,
            10.078421
        ],
        [
            52.318545,
            19.180778,
            57.771061,
            57.514067,
            23.402258
        ],
        [
            37.199386,
            31.807195,
            42.245955,
            43.669471,
            34.70793
        ],
        [
            15.316857,
            59.908871,
            18.968969,
            23.420598,
            60.89214
        ],
        [
            11.48384,
            62.272226,
            14.755648,
            11.123544,
            61.970565
        ],
        [
            68.231468,
            7.139361,
            73.883968,
            70.909428,
            9.428947
        ],
        [
            31.69473,
            36.319073,
            36.793288,
            35.93337,
            37.414071
        ],
        [
            39.026769,
            33.001181,
            43.823778,
            46.697989,
            36.864552
        ],
        [
            53.468088,
            15.881595,
            59.327765,
            54.581526,
            13.129585
        ],
        [
            61.16361,
            10.146445,
            66.955032,
            62.704141,
            6.940764
        ],
        [
            43.845773,
            25.898949,
            48.910742,
            50.313826,
            29.960853
        ],
        [
            7.75295,
            69.023315,
            7.137331,
            19.304822,
            70.098036
        ],
        [
            44.884704,
            24.933476,
            49.968765,
            51.15646,
            29.08141
        ],
        [
            29.743925,
            37.651828,
            34.703658,
            36.563217,
            39.845853
        ],
        [
            18.575179,
            50.173708,
            24.332531,
            21.037343,
            49.97681
        ],
        [
            41.627865,
            24.604545,
            47.210768,
            45.921306,
            26.380629
        ],
        [
            11.43744,
            70.505595,
            12.4466,
            15.69685,
            70.695985
        ],
        [
            6.727791,
            69.177555,
            6.124773,
            12.303553,
            69.455614
        ],
        [
            50.084066,
            21.375654,
            55.155246,
            55.94934,
            26.202398
        ],
        [
            32.171288,
            35.051562,
            37.782172,
            37.622238,
            36.649843
        ],
        [
            46.55874,
            22.133461,
            52.208918,
            50.369609,
            23.721347
        ],
        [
            47.733305,
            18.769468,
            53.290559,
            51.562287,
            20.917111
        ],
        [
            66.142709,
            3.220887,
            71.820511,
            68.492697,
            5.19581
        ],
        [
            23.447958,
            44.755842,
            28.247908,
            31.623846,
            46.777976
        ],
        [
            30.371184,
            35.230751,
            35.841931,
            35.236898,
            36.460997
        ],
        [
            64.609446,
            9.427435,
            69.960941,
            68.697642,
            15.617082
        ],
        [
            48.553627,
            23.838902,
            53.730974,
            54.739403,
            28.315474
        ],
        [
            10.33544,
            64.837935,
            14.024579,
            8.376949,
            64.364946
        ],
        [
            50.853928,
            20.522983,
            55.910835,
            56.820006,
            25.597297
        ],
        [
            58.217316,
            18.829828,
            63.169211,
            64.362834,
            25.287823
        ],
        [
            33.803204,
            34.440792,
            39.425403,
            34.792556,
            33.669063
        ],
        [
            14.098167,
            71.294578,
            14.364539,
            9.342241,
            70.701253
        ],
        [
            51.175869,
            15.031758,
            56.874047,
            53.602521,
            15.368891
        ],
        [
            18.994968,
            47.672745,
            24.245582,
            26.185404,
            48.887025
        ],
        [
            15.026213,
            55.657217,
            19.231948,
            24.596616,
            57.038754
        ],
        [
            51.840002,
            16.10979,
            57.655938,
            53.901243,
            15.469698
        ],
        [
            16.569105,
            52.301389,
            22.12234,
            20.231266,
            52.372494
        ],
        [
            42.656912,
            29.19312,
            47.975964,
            47.660186,
            31.419202
        ],
        [
            21.334796,
            44.113847,
            26.969722,
            27.096778,
            45.020166
        ]
    ],