{
    "resumen": {
        "entradas": 5,
        "salidas": 1,
        "patrones": 60,
        "error_optimo": 0.1,
        "num_centros": 5
    },
    "centros_radiales": [
        [
            17.955859933820193,
            89.53298555771943,
            73.06547788950795,
            37.136532576330616,
            4.542614401541907
        ],
        [
            32.884630241247336,
            88.05428528915016,
            92.98991365714632,
            37.11926065662112,
            4.30035863356723
        ],
        [
            30.92842224710709,
            90.48000992332675,
            60.23472754732564,
            38.29985535729783,
            4.7130613319236545
        ],
        [
            28.105082354309957,
            83.72733882759613,
            85.36489985918978,
            36.747517431613176,
            4.297820886638301
        ],
        [
            16.432978343757664,
            96.00516177857617,
            91.91288617261553,
            37.69760699292061,
            2.6691577739628816
        ]
    ],
    "distancias": [
        [
            42.979165,
            26.726123,
            56.989949,
            32.313514,
            25.457209
        ],
        [
            51.530617,
            29.107167,
            61.987583,
            37.248004,
            36.08841
        ],
        [
            14.209551,
            17.350911,
            20.047272,
            14.894018,
            17.869925
        ],
        [
            12.552848,
            31.08853,
            7.070403,
            23.195036,
            31.130924
        ],
        [
            5.722436,
            28.45596,
            21.282189,
            19.982043,
            22.020067
        ],
        [
            14.764219,
            20.327097,
            31.765772,
            16.533766,
            7.580429
        ],
        [
            43.753712,
            31.669888,
            59.370751,
            34.925649,
            27.178783
        ],
        [
            49.405803,
            28.343213,
            60.076467,
            37.100221,
            32.128517
        ],
        [
            19.534548,
            38.152666,
            10.314623,
            29.584228,
            39.174152
        ],
        [
            24.470105,
            12.895993,
            34.270695,
            17.830779,
            12.292113
        ],
        [
            16.367426,
            24.801902,
            33.464178,
            21.479961,
            8.569176
        ],
        [
            16.913127,
            21.293172,
            13.258169,
            15.031628,
            28.683423
        ],
        [
            17.51797,
            29.752274,
            9.243332,
            21.747858,
            34.466518
        ],
        [
            10.481097,
            23.566057,
            26.016746,
            19.091408,
            11.993447
        ],
        [
            53.347642,
            38.419228,
            67.976095,
            44.28188,
            34.178572
        ],
        [
            8.82109,
            24.079449,
            25.34859,
            18.770794,
            13.166465
        ],
        [
            21.951739,
            17.315392,
            36.716763,
            18.37989,
            3.93308
        ],
        [
            35.910945,
            18.646096,
            48.93879,
            23.307204,
            21.690485
        ],
        [
            9.626929,
            16.450088,
            24.106767,
            9.622404,
            13.316239
        ],
        [
            55.28711,
            38.626249,
            69.471941,
            44.086636,
            38.027758
        ],
        [
            55.021314,
            36.116435,
            67.370596,
            43.964375,
            36.258637
        ],
        [
            6.162006,
            27.701154,
            22.548506,
            20.877292,
            18.755622
        ],
        [
            19.188315,
            15.799143,
            34.819943,
            13.570141,
            8.227088
        ],
        [
            8.464261,
            20.991811,
            22.562034,
            11.819003,
            19.263496
        ],
        [
            5.061243,
            20.559463,
            18.663656,
            12.260209,
            18.87623
        ],
        [
            19.182859,
            35.185355,
            4.611727,
            27.754696,
            37.398485
        ],
        [
            28.663649,
            20.863018,
            44.075288,
            23.374609,
            9.621018
        ],
        [
            20.945444,
            11.430052,
            33.869629,
            13.53268,
            7.314087
        ],
        [
            17.918491,
            36.381423,
            10.296086,
            30.210659,
            34.092187
        ],
        [
            7.696102,
            27.714477,
            25.42003,
            20.541551,
            17.705533
        ],
        [
            50.744942,
            31.233901,
            63.34252,
            37.77142,
            34.478054
        ],
        [
            6.544739,
            28.153256,
            21.408172,
            21.661285,
            19.241017
        ],
        [
            11.402341,
            35.243708,
            20.846736,
            28.174558,
            26.50562
        ],
        [
            24.792447,
            4.499451,
            31.996132,
            12.135555,
            17.992783
        ],
        [
            58.581123,
            36.897198,
            69.057451,
            45.725187,
            41.100248
        ],
        [
            12.367172,
            20.389,
            12.968306,
            14.461553,
            24.003428
        ],
        [
            31.997484,
            19.742881,
            46.741999,
            23.566798,
            14.160091
        ],
        [
            39.353101,
            28.029138,
            54.988001,
            31.541036,
            21.522579
        ],
        [
            11.576896,
            21.563856,
            15.534874,
            12.544628,
            25.65146
        ],
        [
            37.530719,
            21.251457,
            51.175651,
            25.741895,
            22.400764
        ],
        [
            13.122671,
            22.87803,
            29.981326,
            15.339972,
            16.687689
        ],
        [
            29.58805,
            14.928753,
            42.770418,
            20.187124,
            11.990189
        ]
    ],