{
    "resumen": {
        "entradas": 4,
        "salidas": 1,
        "patrones": 60,
        "error_optimo": 0.1,
        "num_centros": 5
    },
    "centros_radiales": [
        [
            417.8442412146662,
            22.42174519049569,
            0.3641807669299758,
            2.9076210340058903
        ],
        [
            431.23163609333574,
            31.455821017500067,
            0.6163302176941952,
            2.873473547347213
        ],
        [
            478.4814932740943,
            31.686710654171065,
            0.013114285833796924,
            4.076815856049359
        ],
        [
            424.1186938801088,
            31.44450949559335,
            0.6573961166976452,
            3.5440142999344264
        ],
        [
            442.3274425889644,
            21.44625464509137,
            0.23177659340668,
            3.400780475824785
        ]
    ],
    "distancias": [
        [
            67.871644,
            81.578662,
            128.731763,
            74.508408,
            92.37657
        ],
        [
            4.213073,
            12.507397,
            58.778485,
            6.937468,
            22.806061
        ],
        [
            27.979531,
            41.741181,
            88.75913,
            34.749687,
            52.467346
        ],
        [
            9.632926,
            21.519998,
            68.592545,
            14.566671,
            32.991359
        ],
        [
            38.125579,
            51.426628,
            98.603769,
            44.346659,
            62.580388
        ],
        [
            33.039989,
            18.837659,
            28.544867,
            25.932203,
            11.494726
        ],
        [
            53.035095,
            38.779143,
            8.563909,
            45.885969,
            29.626879
        ],
        [
            72.933408,
            58.799179,
            11.596445,
            65.903443,
            49.054815
        ],
        [
            82.977239,
            68.8257,
            21.665117,
            75.926467,
            59.03109
        ],
        [
            103.062946,
            88.896634,
            41.74214,
            95.993957,
            79.028667
        ],
        [
            57.856392,
            71.862846,
            118.899048,
            64.829831,
            82.344804
        ],
        [
            17.927902,
            32.120291,
            78.877041,
            25.280662,
            42.419329
        ],
        [
            3.903332,
            17.474714,
            63.857396,
            11.211192,
            27.579877
        ],
        [
            22.626771,
            9.854903,
            38.783703,
            16.517157,
            6.046948
        ],
        [
            42.671099,
            28.876432,
            18.727309,
            35.968852,
            19.236917
        ],
        [
            62.747202,
            48.776253,
            1.838763,
            55.887473,
            38.865917
        ],
        [
            77.753699,
            63.775978,
            16.557793,
            70.884333,
            53.725317
        ],
        [
            87.801727,
            73.794238,
            26.551598,
            80.899716,
            63.731008
        ],
        [
            97.85256,
            83.816843,
            36.605015,
            90.919573,
            73.756194
        ],
        [
            112.868056,
            98.844149,
            51.625424,
            105.945723,
            88.718902
        ],
        [
            47.858775,
            61.818764,
            108.85116,
            54.793661,
            72.359901
        ],
        [
            27.895931,
            41.907531,
            88.830581,
            34.946344,
            52.399791
        ],
        [
            8.64774,
            21.925457,
            68.738077,
            15.159483,
            32.663151
        ],
        [
            12.99477,
            4.665527,
            48.719402,
            7.421021,
            13.528646
        ],
        [
            32.64457,
            19.092494,
            28.746559,
            26.112901,
            10.120279
        ],
        [
            52.574791,
            38.857751,
            8.909639,
            45.951117,
            28.686633
        ],
        [
            72.673441,
            58.780348,
            11.582434,
            65.884658,
            48.629067
        ],
        [
            92.661911,
            78.783823,
            31.520307,
            85.888124,
            68.495613
        ],
        [
            112.665191,
            98.792974,
            51.545705,
            105.896745,
            88.439555
        ],
        [
            132.764279,
            118.835374,
            71.597127,
            125.937651,
            108.529146
        ],
        [
            57.873977,
            72.002535,
            118.98648,
            64.985497,
            82.345913
        ],
        [
            42.853707,
            57.028439,
            103.950827,
            50.040817,
            67.340825
        ],
        [
            22.913144,
            36.995839,
            83.857205,
            30.078983,
            47.41308
        ],
        [
            3.386802,
            12.97063,
            58.878629,
            7.722686,
            22.620535
        ],
        [
            22.63296,
            9.843869,
            38.793351,
            16.504026,
            6.083738
        ],
        [
            42.669287,
            28.882722,
            18.691913,
            35.971315,
            19.22088
        ],
        [
            62.622069,
            48.795619,
            2.541164,
            55.90104,
            38.639205
        ],
        [
            82.608015,
            68.778877,
            21.531245,
            75.885887,
            58.460337
        ],
        [
            102.612709,
            88.779334,
            41.531422,
            95.885139,
            78.393155
        ],
        [
            122.622546,
            108.791781,
            61.533373,
            115.896771,
            98.358882
        ],
        [
            47.858932,
            61.964796,
            108.937385,
            54.959377,
            72.347204
        ],
        [
            32.856969,
            47.006104,
            93.901042,
            40.044496,
            57.359526
        ]
    ],